,Address,EmpName,DepartmentID,Designation,ContractType,TechQualification,NonTechQualification,ManagerID
53378,"57564 Lindsey Causeway Apt. 947
Meganport, CT 27336",Stephanie Miller,462,"Designer, industrial/product",Part-Time,False,False,2183
64441,"67216 Dixon Terrace
North Lauren, NC 34481",Helen Jackson,258,Dietitian,Part-Time,True,False,74573
89742,"3737 Tiffany Fords
Jonestown, NV 17644",Stephen Gray,118,Research scientist (life sciences),Part-Time,False,True,961
34842,"3908 Timothy View
New Charles, CA 00765",Lisa Allen,691,Field trials officer,Contract,True,False,17746
55841,"1376 Stephanie Drives Suite 475
Martinbury, AS 64279",Adam Lewis,331,Hydrologist,Contract,False,False,30068
29215,"3103 Cheryl Oval Suite 802
New Sandra, OK 63536",Jacob Sandoval,445,Garment/textile technologist,Part-Time,False,True,65190
773,"1134 Guerrero Glens Apt. 254
Robinsonview, WY 71117",Kathleen Hartman,827,Architect,Contract,False,False,37835
37055,"USNV Little
FPO AE 86000",Deborah Anderson,351,Counsellor,Full-Time,True,False,68185
77046,"595 Mendoza Turnpike
North Matthew, OR 40685",David Gonzalez,643,"Restaurant manager, fast food",Full-Time,True,False,80505
90697,"2136 Gonzalez Forest
South Bobby, PA 75261",Todd Contreras,489,Merchant navy officer,Part-Time,False,True,18090
43003,"7172 Delgado Loop
Port Sydneyborough, AK 52483",Devon Solis,624,Theatre stage manager,Contract,False,True,58997
26623,"969 William Squares
Alvaradomouth, LA 01668",Cindy Bowman,643,"Education officer, museum",Full-Time,False,True,79624
47166,"71534 Warren Mount
North Deborahport, SD 34022",Jake Huber,211,Recycling officer,Part-Time,True,False,34348
13973,"27416 Carolyn Gardens Apt. 803
Valeriebury, WI 72220",Gregory Mccoy,147,Consulting civil engineer,Part-Time,False,True,11553
66421,"5054 Kenneth Path
Deannachester, VT 41007",Carlos Chase,450,Freight forwarder,Full-Time,True,True,81625
2462,"USCGC Torres
FPO AP 45517",Clinton Mcdonald,600,Osteopath,Full-Time,True,False,73492
43269,"9189 Joshua Tunnel
Davistown, NY 96924",Alexis Wells,801,Paramedic,Full-Time,False,True,851
55553,"96924 Erickson Burg Suite 657
Danielberg, WI 06292",Keith Copeland,100,Quantity surveyor,Contract,False,True,62006
40787,"5811 Wright Streets
Watkinsmouth, TN 00984",Amy Mejia,691,Higher education lecturer,Part-Time,True,True,52429
26376,"2812 Derrick Causeway
Sarahstad, PR 07902",Joshua Sanchez,264,Clinical biochemist,Full-Time,False,True,69984
95682,"92669 Sanchez Ramp Apt. 579
North Stephaniehaven, TN 06421",Tina Singh,708,Amenity horticulturist,Contract,True,False,25211
76685,"9779 Gallegos Coves
Summersfurt, LA 55298",Amanda Johnson,445,Pharmacologist,Part-Time,True,False,60873
88178,"2092 Love Forge Suite 844
Odomport, TX 79164",Alyssa Edwards,199,"Surveyor, minerals",Part-Time,False,True,266
53145,"13922 Louis Creek
Port Connieland, WY 61878",Brooke Wallace,445,Occupational psychologist,Part-Time,True,True,39478
51335,"1318 Bean Branch Suite 275
Christineton, NJ 82405",Kathleen Parrish,100,Art gallery manager,Full-Time,True,False,51564
83456,"USNS Bell
FPO AP 43510",Amber Adams,279,Catering manager,Part-Time,False,False,8199
26797,"PSC 1979, Box 3553
APO AA 21786",Sean Figueroa,418,Barrister's clerk,Full-Time,True,True,22620
29372,"5275 Micheal Common Apt. 061
West Thomasview, AZ 15554",Stefanie Murray,75,Music tutor,Part-Time,False,False,95870
90880,"66863 Rebecca Plains Apt. 377
North Sydneyfort, AK 93382",Kristin Allen,264,Jewellery designer,Full-Time,True,False,41035
70201,"17183 Jay Corner
North Joshuafurt, HI 61499",Jeffrey Hamilton,253,Information officer,Contract,False,False,35483
58209,"011 Lauren Dale Apt. 104
Brownland, SD 24220",Gregory Marsh,445,Microbiologist,Contract,True,True,15457
12531,"5624 Smith River
Virginiabury, NH 36682",Lisa Watkins,816,Emergency planning/management officer,Part-Time,True,False,99317
78287,"163 Jason Lake Suite 691
East Angela, GA 19154",Cindy Pope,889,Arts administrator,Contract,True,True,78724
35750,"258 Todd Ports
Cherrystad, OR 47866",Eric Moore,662,Dietitian,Full-Time,True,True,71830
80280,"086 Terri Underpass Apt. 648
New Julie, KY 81512",Nathan Walker,317,Clothing/textile technologist,Part-Time,False,True,94695
54742,"293 Jennifer Plains Suite 359
West Lisastad, MA 10989",Henry Gray,801,"Programmer, applications",Full-Time,True,True,76180
59968,"0933 Rivera Grove Suite 513
New Jeremy, SD 06816",James Robinson,659,"Scientist, biomedical",Contract,True,True,8445
40622,"0867 Taylor Lane
Randymouth, TX 09160",Andrea Jones,375,Optometrist,Contract,True,False,51776
25503,"6026 Gilbert Mountains
North Crystal, HI 85254",Joel Obrien,940,Sales executive,Full-Time,True,True,71498
82810,"13301 Jessica Isle Suite 381
South Debbieland, GU 20562",Richard Ward,450,"Journalist, magazine",Contract,False,True,48698
99306,"1426 Shelton Springs Suite 169
North Jennifermouth, ME 00734",Nancy Jackson,211,"Runner, broadcasting/film/video",Contract,True,False,96095
26093,"3229 Garcia Crossing
Port Jorge, MO 83834",Kevin Aguirre,100,"Psychologist, sport and exercise",Part-Time,False,False,50444
37315,"4081 Meyers Streets
Lake Nicole, CT 12158",Martha Deleon,940,Prison officer,Part-Time,True,False,95955
81405,"589 Nicole Trace
Jameschester, AK 13367",Stephen Gibbs,404,Maintenance engineer,Full-Time,False,True,92828
35311,"502 Richard Road
Boydfort, NM 85140",John Yoder,350,"Teacher, adult education",Part-Time,False,False,15527
77499,"3448 Juan Station
Port Bradbury, PW 79971",Jackie Jones,92,Financial trader,Contract,False,False,86341
29278,"229 Deanna Ridge Apt. 385
West Heathermouth, DE 47405",Brett Brown,203,Chartered loss adjuster,Contract,True,True,69465
77515,"09883 Gonzales Creek Suite 735
Lake Erica, NH 56938",Justin Weber,638,Consulting civil engineer,Part-Time,False,False,66032
47027,"USS Stephenson
FPO AE 77690",Nancy Roberts,351,"Surveyor, planning and development",Full-Time,False,True,16805
31119,"USNS Jackson
FPO AP 57657",Stephanie Nunez,334,Banker,Full-Time,False,False,32427
7858,"9403 Michael Stream Suite 467
Woodsstad, WV 04187",Joshua Smith,543,Tax inspector,Part-Time,False,True,88936
38104,"6731 Tran Light Suite 302
North Aprilchester, WY 07537",Bryan Stevens,709,Land,Part-Time,True,True,89196
57392,"6370 Denise Drives Suite 177
West Martha, MP 74653",Dawn Barnes DDS,543,"Administrator, education",Contract,False,False,36849
46566,"42349 Andrew Overpass
New Jonathan, OR 86502",Lisa Smith,871,"Therapist, music",Part-Time,False,False,99271
55736,"4937 Blake Trafficway Apt. 574
Sarabury, AL 98960",Christopher Wilson,350,Television camera operator,Full-Time,True,False,73048
35854,"1222 Elizabeth Shoal
Port Angela, OK 16343",Robert French,425,Architect,Contract,False,False,58105
22891,"016 Hall Lake
Paulstad, OH 98168",Daniel Martinez,838,"Programmer, multimedia",Full-Time,False,True,99442
9590,"777 Daniel Forge Suite 891
Mcguireport, OH 00685",Kelly Foster,44,Hydrologist,Part-Time,True,False,5751
60483,"4844 Johnson Forges
Lisabury, NH 72748",Michele Ramirez,307,"Therapist, horticultural",Full-Time,True,False,22219
64302,"16439 Ellis Harbor
East Devonstad, MN 86839",Brandy Burton,396,Fashion designer,Part-Time,False,False,30769
2676,"5345 Derrick Grove
West Meganchester, AK 49000",James Harrison,258,Arts development officer,Full-Time,False,True,13317
96340,"9519 Julia Trafficway Apt. 997
Nicolefort, WY 46089",Andrea Morales,595,"Engineer, manufacturing",Contract,False,True,37878
12498,"749 Adams Vista
Port Tarafort, MH 74023",Richard Pace,670,"Presenter, broadcasting",Full-Time,False,True,22683
44972,"81710 April Path Suite 847
New Cole, OH 08207",Eric Pearson,557,Barrister,Contract,True,True,77133
53469,"3888 Anthony Neck Suite 084
South Gregory, TX 87036",Steven Franklin,450,"Biochemist, clinical",Part-Time,False,True,67585
84580,"072 Khan Spurs
Port Alexandraberg, AZ 66286",Frank Young,934,Technical sales engineer,Contract,True,True,14103
64889,"442 Phillips Locks
Patriciachester, MT 24078",William Le,350,Multimedia programmer,Part-Time,True,True,76098
79650,"2614 James Wells
North Sharonberg, FL 59771",John Yates,816,Advice worker,Full-Time,True,True,7893
32851,"858 Lopez Loop
Samuelport, GU 52875",Mr. Scott Torres,631,Data scientist,Full-Time,True,True,85768
33613,"748 Joseph Run Suite 300
Amyton, SD 68317",Ms. Victoria Holden,514,"Designer, jewellery",Part-Time,False,True,42396
28570,"970 Chase Lodge
Port Russell, MT 79952",William Jones,732,Geoscientist,Full-Time,False,False,45532
65183,"3025 Jason Roads
Wilsonborough, PR 01517",Thomas Taylor,527,Ship broker,Part-Time,True,False,4112
5674,"87621 Allen Mountains Apt. 277
Allentown, IL 50484",Daniel Parker,279,"Production assistant, television",Contract,False,True,97609
26343,"856 Christina Extensions
South Justin, OK 88067",Terry Bennett,864,Make,Contract,False,True,76319
69223,"384 Robert Passage Apt. 601
New Mark, OH 80519",Annette Jones,543,Sports administrator,Contract,False,False,69617
4222,"43257 Andrew Fall Suite 182
Petersenhaven, NM 60179",Anthony Sheppard,44,Mining engineer,Part-Time,True,False,43075
21351,"56366 Travis Ferry Apt. 527
Sharonport, AZ 28779",Jason Taylor,23,"Teacher, English as a foreign language",Part-Time,True,False,24547
82419,"0589 Turner Loop Suite 771
Collinsland, MN 29862",Joan Alvarez,317,Database administrator,Full-Time,False,True,2626
62503,"31953 Merritt Center
Hortonchester, MH 27326",Stephen Sheppard,503,Clinical cytogeneticist,Contract,True,True,352
15371,"34478 King Isle
Port Jillianmouth, RI 09645",Michelle Jones,543,Oncologist,Full-Time,True,True,61955
24393,"486 Moore Gateway
Robertshire, MI 35491",Ann Mathews,489,Statistician,Contract,False,False,56788
89622,"557 Johnston Trail Apt. 045
Lewisland, HI 60692",Jason Hogan,643,"Lighting technician, broadcasting/film/video",Part-Time,True,False,15996
61040,"USNV Delgado
FPO AP 86753",Justin Mckee,717,"Psychologist, clinical",Contract,True,True,5918
30155,"8028 Robert Throughway
Martinezton, AZ 43640",James Young,854,"Geologist, engineering",Contract,False,False,8229
73994,"8156 Caleb Stream
Jaredchester, VA 41675",Jeffrey Jones,592,"Designer, textile",Contract,True,False,79929
94648,"13168 Cannon Ferry Apt. 526
South Laura, IA 92731",Phillip Alexander,595,Geophysicist/field seismologist,Contract,False,True,5800
30828,"Unit 0276 Box 0483
DPO AE 36579",Lisa Wall,662,"Geologist, wellsite",Part-Time,False,False,12431
30970,"Unit 0452 Box 7459
DPO AA 70140",Taylor Ward,708,Chief Marketing Officer,Contract,True,True,75879
86413,"70648 Williams Haven Suite 013
Lake Jennifer, WY 55852",Danielle Williams MD,37,Industrial/product designer,Part-Time,True,True,55407
34804,"38182 Casey Terrace
New Harryfort, MN 56347",Lisa Keller,686,Publishing rights manager,Part-Time,False,True,58997
34773,"38480 Robinson Mount
East Lisa, ID 80321",Mrs. Andrea Long,489,Dramatherapist,Part-Time,False,True,77289
96535,"PSC 9719, Box 6439
APO AA 07105",Christopher King,600,Chartered public finance accountant,Part-Time,False,True,63774
24858,"24054 Taylor Hollow Apt. 043
Parkertown, RI 36304",Kyle Beck,351,Geographical information systems officer,Full-Time,True,True,23269
28490,"15863 Wendy Shores
New Sandra, VI 21907",Christopher Thomas,322,Landscape architect,Contract,False,True,87366
28291,"3791 Stanley Track Apt. 265
Adammouth, DC 23916",Christopher Crawford,396,Oncologist,Contract,False,True,90995
42430,"58888 Reyes Stream Apt. 668
East Blakefort, NH 40757",Thomas Hebert,92,Veterinary surgeon,Contract,False,True,51985
85178,"6341 Christopher Overpass
West Deborahfort, MO 24107",Joshua Smith,211,Sports therapist,Contract,False,True,54991
77899,"USNV Young
FPO AP 89221",Shane Baker,307,Adult guidance worker,Full-Time,True,True,7287
43811,"4609 Baker Greens Apt. 002
Daltonmouth, TX 19723",Caleb Brooks,643,Geophysicist/field seismologist,Contract,True,True,93612
49788,"026 Smith Gardens
Kellyside, CT 45564",Marilyn Campbell,614,"Geologist, wellsite",Contract,False,True,79844
